{"name":"772a090d-6d88-40b9-ac5a-09a12b86a865","id":"/providers/Microsoft.Flow/flows/772a090d-6d88-40b9-ac5a-09a12b86a865","type":"Microsoft.Flow/flows","properties":{"apiId":"/providers/Microsoft.PowerApps/apis/shared_logicflows","displayName":"Process Invoice","definition":{"metadata":{"workflowEntityId":null,"processAdvisorMetadata":null,"flowChargedByPaygo":null,"flowclientsuspensionreason":"None","flowclientsuspensiontime":null,"flowclientsuspensionreasondetails":null,"creator":{"id":"7f52c028-6e33-449b-a243-3d715438db62","type":"User","tenantId":"c27e2392-9f78-4d61-b17d-c8ba381e56d3"},"provisioningMethod":"FromDefinition","failureAlertSubscription":true,"clientLastModifiedTime":"2023-07-18T21:19:21.2224297Z"},"$schema":"https://schema.management.azure.com/providers/Microsoft.Logic/schemas/2016-06-01/workflowdefinition.json#","contentVersion":"1.0.0.0","parameters":{"$connections":{"defaultValue":{},"type":"Object"},"$authentication":{"defaultValue":{},"type":"SecureObject"}},"triggers":{"manual":{"metadata":{"operationMetadataId":"f5482641-90ef-4e40-9d27-262b8af2a4a9"},"type":"Request","kind":"PowerApp","inputs":{"schema":{"type":"object","properties":{"Extractinformationfrominvoices_Invoicefile":{"type":"string","format":"byte","description":"Select an invoice to process","x-ms-powerflows-param-ispartial":false}},"required":["Extractinformationfrominvoices_Invoicefile"]}}}},"actions":{"Extract_information_from_invoices":{"runAfter":{},"metadata":{"operationMetadataId":"877c33d0-1cb2-4508-97bb-998f6b71db74","flowSystemMetadata":{"portalOperationId":"aibuilderpredict_invoiceprocessingpretrained","portalOperationGroup":"aibuilder","portalOperationApiDisplayNameOverride":"AI Builder","portalOperationIconOverride":"https://content.powerapps.com/resource/makerx/static/pauto/images/designeroperations/aiBuilderNew.51dbdb6b.png","portalOperationBrandColorOverride":"#0A76C4","portalOperationApiTierOverride":"Standard"}},"type":"OpenApiConnection","inputs":{"host":{"apiId":"/providers/Microsoft.PowerApps/apis/shared_commondataserviceforapps","connectionName":"shared_commondataserviceforapps","operationId":"aibuilderpredict_invoiceprocessingpretrained"},"parameters":{"item/requestv2/base64Encoded":"@triggerBody()['Extractinformationfrominvoices_Invoicefile']","recordId":"5ed4d0fd-e9d4-4026-b09b-71f83ea90c60"},"authentication":"@parameters('$authentication')"}},"Respond_to_a_PowerApp_or_flow":{"runAfter":{"Add_a_row_into_a_table":["Succeeded"]},"metadata":{"operationMetadataId":"3d45fba9-6368-4c3c-8da7-3fba4b1e7d05"},"type":"Response","kind":"PowerApp","inputs":{"statusCode":200,"body":{"invoicenumber":"@outputs('Extract_information_from_invoices')?['body/responsev2/predictionOutput/result/fields/invoiceId/valueText']","totalamount":"@outputs('Extract_information_from_invoices')?['body/responsev2/predictionOutput/result/fields/invoiceTotal/valueText']","invoicedate":"@outputs('Extract_information_from_invoices')?['body/responsev2/predictionOutput/result/fields/invoiceDate/valueDate']","customername":"@outputs('Extract_information_from_invoices')?['body/responsev2/predictionOutput/result/fields/vendorName/valueText']","vat":"@{outputs('Extract_information_from_invoices')?['body/responsev2/predictionOutput/result/fields/invoiceTotal/currencySymbol']}@{coalesce(outputs('Extract_information_from_invoices')?['body/responsev2/predictionOutput/result/fields/totalTax/valueNumber'], 0)}","grossamt":"@{outputs('Extract_information_from_invoices')?['body/responsev2/predictionOutput/result/fields/invoiceTotal/currencySymbol']}@{variables('varGrossAmt')}"},"schema":{"type":"object","properties":{"invoicenumber":{"title":"InvoiceNumber","x-ms-dynamically-added":true,"type":"string"},"totalamount":{"title":"TotalAmount","x-ms-dynamically-added":true,"type":"string"},"invoicedate":{"title":"InvoiceDate","x-ms-dynamically-added":true,"type":"string","format":"date"},"customername":{"title":"CustomerName","x-ms-dynamically-added":true,"type":"string"},"vat":{"title":"vat","x-ms-dynamically-added":true,"type":"string"},"grossamt":{"title":"GrossAmt","x-ms-dynamically-added":true,"type":"string"}}}}},"Add_a_row_into_a_table":{"runAfter":{"Checking_if_Tax_is_empty_or_not":["Succeeded"]},"metadata":{"01YPUBEORAX7ZVUYKWPJHJJGZQGF33XYFR":"/Invoices.xlsx","operationMetadataId":"ac7d1159-4465-4c15-a542-74affc848f0e","tableId":"{A27EA6FB-9EEB-4795-91B5-AB89909F4ADA}"},"type":"OpenApiConnection","inputs":{"host":{"apiId":"/providers/Microsoft.PowerApps/apis/shared_excelonlinebusiness","connectionName":"shared_excelonlinebusiness","operationId":"AddRowV2"},"parameters":{"source":"groups/bfc19739-adfe-46bf-afa4-d5de74e98a07","drive":"b!C7XKXxS8ok2VhrtkkoFzTnzH1Shq7LRGm2EiRtO_B6-HLDnR1NVdSbelce_We4YH","file":"01YPUBEORAX7ZVUYKWPJHJJGZQGF33XYFR","table":"{A27EA6FB-9EEB-4795-91B5-AB89909F4ADA}","item/Invoice Date ":"@coalesce(outputs('Extract_information_from_invoices')?['body/responsev2/predictionOutput/result/fields/invoiceDate/valueDate'], '')","item/Total Amount":"@coalesce(outputs('Extract_information_from_invoices')?['body/responsev2/predictionOutput/result/fields/invoiceTotal/valueText'], '')","item/Customer":"@coalesce(outputs('Extract_information_from_invoices')?['body/responsev2/predictionOutput/result/fields/vendorName/valueText'], '')","item/Invoice Number":"@coalesce(outputs('Extract_information_from_invoices')?['body/responsev2/predictionOutput/result/fields/invoiceId/valueText'], '')","item/vat":"@coalesce(outputs('Extract_information_from_invoices')?['body/responsev2/predictionOutput/result/fields/totalTax/valueText'], 0)","item/Gross Amount":"@{outputs('Extract_information_from_invoices')?['body/responsev2/predictionOutput/result/fields/invoiceTotal/currencySymbol']}@{variables('varGrossAmt')}"},"authentication":{"value":"@json(decodeBase64(triggerOutputs().headers['X-MS-APIM-Tokens']))['$ConnectionKey']","type":"Raw"}}},"Initialize_variable_-_Gross_Amount":{"runAfter":{"Extract_information_from_invoices":["Succeeded"]},"metadata":{"operationMetadataId":"247bb7c0-424f-49fa-ada1-9c5d04c6f887"},"type":"InitializeVariable","inputs":{"variables":[{"name":"varGrossAmt","type":"string"}]}},"Checking_if_Tax_is_empty_or_not":{"actions":{"Set_variable_-_Difference_of_Total_and_Tax":{"runAfter":{},"metadata":{"operationMetadataId":"3c3a88bd-0125-4937-95cf-4d73a8187ba7"},"type":"SetVariable","inputs":{"name":"varGrossAmt","value":"@{sub(outputs('Extract_information_from_invoices')?['body/responsev2/predictionOutput/result/fields/invoiceTotal/valueNumber'],outputs('Extract_information_from_invoices')?['body/responsev2/predictionOutput/result/fields/totalTax/valueNumber'])}"}}},"runAfter":{"Initialize_variable_-_Gross_Amount":["Succeeded"]},"else":{"actions":{"Set_variable_-_Gross_Amount":{"runAfter":{},"metadata":{"operationMetadataId":"b02b55cc-da35-4b9f-a800-27da70e007ce"},"type":"SetVariable","inputs":{"name":"varGrossAmt","value":"@{outputs('Extract_information_from_invoices')?['body/responsev2/predictionOutput/result/fields/invoiceTotal/valueNumber']}"}}}},"expression":{"not":{"equals":["@outputs('Extract_information_from_invoices')?['body/responsev2/predictionOutput/result/fields/totalTax/valueNumber']",null]}},"metadata":{"operationMetadataId":"5a89704c-de84-4c92-be3f-7bbf573d9943"},"type":"If"}}},"connectionReferences":{"shared_commondataserviceforapps":{"connectionName":"shared-commondataser-8ebe8755-51bf-40bc-8ce8-18ca2d4ffeeb","source":"Embedded","id":"/providers/Microsoft.PowerApps/apis/shared_commondataserviceforapps","tier":"NotSpecified"},"shared_excelonlinebusiness":{"connectionName":"shared-excelonlinebu-8a4e357e-5143-4c3e-b35b-a6c1532d006f","source":"Invoker","id":"/providers/Microsoft.PowerApps/apis/shared_excelonlinebusiness","tier":"NotSpecified"}},"flowFailureAlertSubscribed":false,"isManaged":false}}