{"name":"1d75e202-2fdf-4090-9952-79269a5b7eb9","id":"/providers/Microsoft.Flow/flows/1d75e202-2fdf-4090-9952-79269a5b7eb9","type":"Microsoft.Flow/flows","properties":{"apiId":"/providers/Microsoft.PowerApps/apis/shared_logicflows","displayName":"Document Creation","definition":{"metadata":{"workflowEntityId":null,"processAdvisorMetadata":null,"flowChargedByPaygo":null,"flowclientsuspensionreason":"None","flowclientsuspensiontime":null,"flowclientsuspensionreasondetails":null,"creator":{"id":"7f52c028-6e33-449b-a243-3d715438db62","type":"User","tenantId":"c27e2392-9f78-4d61-b17d-c8ba381e56d3"},"provisioningMethod":"FromDefinition","failureAlertSubscription":true,"clientLastModifiedTime":"2023-07-10T15:40:03.9508122Z"},"$schema":"https://schema.management.azure.com/providers/Microsoft.Logic/schemas/2016-06-01/workflowdefinition.json#","contentVersion":"1.0.0.0","parameters":{"$connections":{"defaultValue":{},"type":"Object"},"$authentication":{"defaultValue":{},"type":"SecureObject"}},"triggers":{"manual":{"metadata":{"operationMetadataId":"0987b4f1-3e03-43fe-87f8-48e0b8fa1b17"},"type":"Request","kind":"PowerAppV2","inputs":{"schema":{"type":"object","properties":{"text":{"title":"FileName","type":"string","x-ms-dynamically-added":true,"description":"Please enter your input","x-ms-content-hint":"TEXT"},"text_1":{"title":"FolderName","type":"string","x-ms-dynamically-added":true,"description":"Please enter your input","x-ms-content-hint":"TEXT"},"text_2":{"title":"FileType","type":"string","x-ms-dynamically-added":true,"description":"Please enter your input","x-ms-content-hint":"TEXT"}},"required":["text","text_1","text_2"]}}}},"actions":{"Get_library_from_SharePoint":{"runAfter":{},"metadata":{"%252fShared%2bDocuments":"/Shared Documents","operationMetadataId":"3ac5780e-e91c-4216-852a-f7a967d77316"},"type":"OpenApiConnection","inputs":{"host":{"apiId":"/providers/Microsoft.PowerApps/apis/shared_sharepointonline","connectionName":"shared_sharepointonline","operationId":"ListFolder"},"parameters":{"dataset":"https://pc45.sharepoint.com","id":"%252fShared%2bDocuments"},"authentication":{"value":"@json(decodeBase64(triggerOutputs().headers['X-MS-APIM-Tokens']))['$ConnectionKey']","type":"Raw"}}},"Loop_through_all_folders_in_library":{"foreach":"@body('Get_library_from_SharePoint')","actions":{"Check_if_folder_exist":{"actions":{},"runAfter":{},"else":{"actions":{"Creates_new_folder_based_on_input_from_user":{"runAfter":{},"metadata":{"operationMetadataId":"9fdbb95b-2814-413d-be50-ef7714d489b5"},"type":"OpenApiConnection","inputs":{"host":{"apiId":"/providers/Microsoft.PowerApps/apis/shared_sharepointonline","connectionName":"shared_sharepointonline","operationId":"CreateNewFolder"},"parameters":{"dataset":"https://pc45.sharepoint.com","table":"fc2332ce-649d-47b2-b03e-4da4933b5d24","parameters/path":"@triggerBody()['text_1']"},"authentication":{"value":"@json(decodeBase64(triggerOutputs().headers['X-MS-APIM-Tokens']))['$ConnectionKey']","type":"Raw"}}}}},"expression":{"equals":["","@triggerBody()['text']"]},"metadata":{"operationMetadataId":"a2be9241-9b0f-4c73-baf6-761b99f0a6be"},"type":"If"}},"runAfter":{"Get_library_from_SharePoint":["Succeeded"]},"metadata":{"operationMetadataId":"a8eb2672-6486-45c4-b1fe-99188fc924b9"},"type":"Foreach"},"Create_file_based_on_input_from_user":{"runAfter":{"Empty_file_content":["Succeeded"]},"metadata":{"operationMetadataId":"f5c33c43-1bae-48c8-bfcf-a0a2c2b395f7"},"type":"OpenApiConnection","inputs":{"host":{"apiId":"/providers/Microsoft.PowerApps/apis/shared_sharepointonline","connectionName":"shared_sharepointonline","operationId":"CreateFile"},"parameters":{"dataset":"https://pc45.sharepoint.com","folderPath":"/Shared Documents/@{triggerBody()['text_1']}","name":"@{triggerBody()['text']}.@{triggerBody()['text_2']}","body":"@body('Empty_file_content')"},"authentication":{"value":"@json(decodeBase64(triggerOutputs().headers['X-MS-APIM-Tokens']))['$ConnectionKey']","type":"Raw"}},"runtimeConfiguration":{"contentTransfer":{"transferMode":"Chunked"}}},"Empty_file_content":{"runAfter":{"Loop_through_all_folders_in_library":["Succeeded"]},"metadata":{"operationMetadataId":"a50e75ad-c30b-4187-bf17-bbb460893bfe"},"type":"OpenApiConnection","inputs":{"host":{"apiId":"/providers/Microsoft.PowerApps/apis/shared_sharepointonline","connectionName":"shared_sharepointonline","operationId":"GetFileContentByPath"},"parameters":{"dataset":"https://pc45.sharepoint.com","path":"/Shared Documents/Document.docx","inferContentType":true},"authentication":{"value":"@json(decodeBase64(triggerOutputs().headers['X-MS-APIM-Tokens']))['$ConnectionKey']","type":"Raw"}}},"Passing_document_link_to_power_app":{"runAfter":{"Create_file_based_on_input_from_user":["Succeeded"]},"metadata":{"operationMetadataId":"cc04f453-15ee-410c-9c5b-71a77e6a56a9"},"type":"Response","kind":"PowerApp","inputs":{"statusCode":200,"body":{"documentlink":"https://pc45.sharepoint.com@{outputs('Create_file_based_on_input_from_user')?['body/Path']}"},"schema":{"type":"object","properties":{"documentlink":{"title":"DocumentLink","x-ms-dynamically-added":true,"type":"string"}}}}}}},"connectionReferences":{"shared_sharepointonline":{"connectionName":"ffd9fd97033446f0b24b88d0c97b8f21","source":"Invoker","id":"/providers/Microsoft.PowerApps/apis/shared_sharepointonline","tier":"NotSpecified"}},"flowFailureAlertSubscribed":false,"isManaged":false}}