{"schemaVersion":"1.0","appDefinitionTemplate":{"id":"/providers/Microsoft.PowerApps/apps/","type":"Microsoft.PowerApps/apps","tags":{"primaryDeviceWidth":"640","primaryDeviceHeight":"1136","supportsPortrait":"true","supportsLandscape":"true","primaryFormFactor":"Phone","publisherVersion":"3.23041.11","minimumRequiredApiVersion":"2.2.0","hasComponent":"false","hasUnlockedComponent":"false","isUnifiedRootApp":"false","sienaVersion":"20230422T034051Z-3.23041.11.0"},"properties":{"appVersion":"2023-04-22T03:40:51Z","lifeCycleId":"Published","createdByClientVersion":{"major":3,"minor":23041,"build":11,"revision":0,"majorRevision":0,"minorRevision":0},"minClientVersion":{"major":3,"minor":23041,"build":11,"revision":0,"majorRevision":0,"minorRevision":0},"backgroundColor":"RGBA(0,176,240,1)","backgroundImageUri":"/4173390701661482088/Nb7a0c577-07d0-4c22-8151-71d5964a7e57-logoSmallFile","displayName":"Invoice Scanner","description":"","commitMessage":"","appUris":{"documentUri":{"value":"/4173390701661482088/Nf16e81dc-a165-476b-808f-e3a13d878abe-document.msapp"},"imageUris":[],"additionalUris":[]},"createdTime":"0001-01-01T00:00:00Z","lastModifiedTime":"0001-01-01T00:00:00Z","sharedGroupsCount":0,"sharedUsersCount":0,"connectionReferences":{"1d008851-ac5e-43c8-b891-4a73a431f19e":{"id":"44c88525-65e9-44ca-a409-d573f82da76d","displayName":"Logic flows","iconUri":"https://connectoricons-prod.azureedge.net/releases/v1.0.1615/1.0.1615.3163/logicflows/icon.png","dataSources":["ProcessInvoice"],"dependencies":["108e3abd-c8e6-4719-a19a-9cd2326766bb","0e24df88-be80-4756-bdfc-e8921042343b"],"dependents":[],"parameterHints":{"workflowName":{"value":"261ff6e5-1c17-4c78-9b3e-c8f4e03dcfee"},"workflowEntityId":{},"108e3abd-c8e6-4719-a19a-9cd2326766bb":{"value":"shared_commondataserviceforapps"},"0e24df88-be80-4756-bdfc-e8921042343b":{"value":"shared_excelonlinebusiness"}},"parameterHintsV2":{"workflowName":{"value":"261ff6e5-1c17-4c78-9b3e-c8f4e03dcfee"},"workflowEntityId":{},"shared_commondataserviceforapps":{"value":"108e3abd-c8e6-4719-a19a-9cd2326766bb"},"shared_excelonlinebusiness":{"value":"0e24df88-be80-4756-bdfc-e8921042343b"}},"isOnPremiseConnection":false,"bypassConsent":false,"dataSets":{},"apiTier":"Standard","isCustomApiConnection":false,"actions":["Run"],"nestedActions":[{"id":"/providers/Microsoft.PowerApps/apis/shared_excelonlinebusiness/apiOperations/AddRowV2","apiName":"Excel Online (Business)","actionName":"AddRowV2","referencedResources":[]}]},"108e3abd-c8e6-4719-a19a-9cd2326766bb":{"id":"a2727204-fb23-4c51-ad53-adbed0c0e93f","displayName":"Microsoft Dataverse","iconUri":"https://connectoricons-prod.azureedge.net/releases/v1.0.1628/1.0.1628.3245/commondataserviceforapps/icon.png","dataSources":[],"dependencies":[],"dependents":["1d008851-ac5e-43c8-b891-4a73a431f19e"],"parameterHints":{},"parameterHintsV2":{},"isOnPremiseConnection":false,"bypassConsent":false,"dataSets":{},"apiTier":"Premium","isCustomApiConnection":false},"0e24df88-be80-4756-bdfc-e8921042343b":{"id":"581ed39c-8f88-498b-9e44-d10b43e97a3a","displayName":"Excel Online (Business)","iconUri":"https://connectoricons-prod.azureedge.net/u/laborbol/releases/ase-v3/1.0.1622.3202/excelonlinebusiness/icon.png","dataSources":[],"dependencies":[],"dependents":["1d008851-ac5e-43c8-b891-4a73a431f19e"],"parameterHints":{},"parameterHintsV2":{},"isOnPremiseConnection":false,"bypassConsent":false,"dataSets":{},"apiTier":"Standard","isCustomApiConnection":false}},"databaseReferences":{},"almMode":"Environment","performanceOptimizationEnabled":true,"canConsumeAppPass":true,"enableModernRuntimeMode":false,"executionRestrictions":{"isTeamsOnly":false,"dataLossPreventionEvaluationResult":{"status":"Compliant","lastEvaluationDate":"2023-04-22T03:41:22.7718137Z","violations":[],"violationsByPolicy":[],"violationErrorMessage":"The app uses the following connectors: shared_logicflows, shared_commondataserviceforapps, shared_excelonlinebusiness."},"httpActionRestriction":{"appUsesSharepointHttpAction":false,"enforcementStrategy":"Legacy","evaluationTime":"2023-04-22T03:41:22.7717412Z"}}},"appType":"ClassicCanvasApp","appComponents":[]}}