{"schemaVersion":"1.0","appDefinitionTemplate":{"id":"/providers/Microsoft.PowerApps/apps/","type":"Microsoft.PowerApps/apps","tags":{"primaryDeviceWidth":"768","primaryDeviceHeight":"1366","supportsPortrait":"true","supportsLandscape":"true","primaryFormFactor":"Tablet","publisherVersion":"3.23063.15","minimumRequiredApiVersion":"2.2.0","hasComponent":"false","hasUnlockedComponent":"false","isUnifiedRootApp":"false","sienaVersion":"20230710T155444Z-3.23063.15.0"},"properties":{"appVersion":"2023-07-10T15:54:44Z","lifeCycleId":"Published","createdByClientVersion":{"major":3,"minor":23063,"build":15,"revision":0,"majorRevision":0,"minorRevision":0},"minClientVersion":{"major":3,"minor":23063,"build":15,"revision":0,"majorRevision":0,"minorRevision":0},"backgroundColor":"RGBA(0,176,240,1)","backgroundImageUri":"/10993842310009757617/N756901b4-6364-46ac-b10b-4022d4f433e4-logoSmallFile","displayName":"DocumentDetailApp","description":"","commitMessage":"","appUris":{"documentUri":{"value":"/10993842310009757617/Nba7c0a6f-c0cc-49e8-8b2f-dc121a7bcb25-document.msapp"},"imageUris":[],"additionalUris":[]},"createdTime":"0001-01-01T00:00:00Z","lastModifiedTime":"0001-01-01T00:00:00Z","sharedGroupsCount":0,"sharedUsersCount":0,"connectionReferences":{"8b00e206-21e1-42d5-806d-78b0b0213260":{"id":"44c88525-65e9-44ca-a409-d573f82da76d","displayName":"Logic flows","iconUri":"https://connectoricons-prod.azureedge.net/releases/v1.0.1636/1.0.1636.3297/logicflows/icon.png","dataSources":["DocumentCreation"],"dependencies":["a3e7195c-6888-4388-a5d9-b9a5a9d3fc3b"],"dependents":[],"parameterHints":{"workflowName":{"value":"04776517-cca2-4744-ae77-de165423fec9"},"workflowEntityId":{},"a3e7195c-6888-4388-a5d9-b9a5a9d3fc3b":{"value":"shared_sharepointonline"}},"parameterHintsV2":{"workflowName":{"value":"04776517-cca2-4744-ae77-de165423fec9"},"workflowEntityId":{},"shared_sharepointonline":{"value":"a3e7195c-6888-4388-a5d9-b9a5a9d3fc3b"}},"isOnPremiseConnection":false,"bypassConsent":false,"dataSets":{},"apiTier":"Standard","isCustomApiConnection":false,"actions":["Run"],"nestedActions":[{"id":"/providers/Microsoft.PowerApps/apis/shared_sharepointonline/apiOperations/ListFolder","apiName":"SharePoint","actionName":"ListFolder","referencedResources":[{"key":"site","value":"https://pc45.sharepoint.com"}]},{"id":"/providers/Microsoft.PowerApps/apis/shared_sharepointonline/apiOperations/CreateFile","apiName":"SharePoint","actionName":"CreateFile","referencedResources":[{"key":"site","value":"https://pc45.sharepoint.com"}]},{"id":"/providers/Microsoft.PowerApps/apis/shared_sharepointonline/apiOperations/GetFileContentByPath","apiName":"SharePoint","actionName":"GetFileContentByPath","referencedResources":[{"key":"site","value":"https://pc45.sharepoint.com"}]},{"id":"/providers/Microsoft.PowerApps/apis/shared_sharepointonline/apiOperations/CreateNewFolder","apiName":"SharePoint","actionName":"CreateNewFolder","referencedResources":[{"key":"site","value":"https://pc45.sharepoint.com"},{"key":"list","value":"fc2332ce-649d-47b2-b03e-4da4933b5d24"}]}]},"a3e7195c-6888-4388-a5d9-b9a5a9d3fc3b":{"id":"44157d65-3c7f-4087-a657-98dd9ef74aaa","displayName":"SharePoint","iconUri":"https://connectoricons-prod.azureedge.net/u/shgogna/globalperconnector-train1/1.0.1639.3312/sharepointonline/icon.png","dataSources":[],"dependencies":[],"dependents":["8b00e206-21e1-42d5-806d-78b0b0213260"],"parameterHints":{},"parameterHintsV2":{},"isOnPremiseConnection":false,"bypassConsent":false,"dataSets":{},"apiTier":"Standard","isCustomApiConnection":false}},"databaseReferences":{},"almMode":"Environment","performanceOptimizationEnabled":true,"canConsumeAppPass":true,"enableModernRuntimeMode":false,"executionRestrictions":{"isTeamsOnly":false,"dataLossPreventionEvaluationResult":{"status":"Compliant","lastEvaluationDate":"2023-07-10T15:55:27.2147726Z","violations":[],"violationsByPolicy":[],"violationErrorMessage":"The app uses the following connectors: shared_logicflows, shared_sharepointonline."},"httpActionRestriction":{"appUsesSharepointHttpAction":false,"enforcementStrategy":"Legacy","evaluationTime":"2023-07-10T15:55:27.2146756Z"}}},"appType":"ClassicCanvasApp","appComponents":[]}}